ami-3d6a240d,m1.small,us-west-2,breakfix-pluk-us-west-2-0,bb_aws_ec2_breakfix
ami-3d6a240d,m1.small,us-west-2,breakfix-pluk-us-west-2-1,bb_aws_ec2_breakfix
ami-3d6a240d,m1.small,us-west-2,breakfix-pluk-us-west-2-2,bb_aws_ec2_breakfix
ami-3d6a240d,m1.small,us-west-2,breakfix-pluk-us-west-2-3,bb_aws_ec2_breakfix
ami-3d6a240d,m1.small,us-west-2,breakfix-pluk-us-west-2-4,bb_aws_ec2_breakfix
ami-3d6a240d,m1.small,us-west-2,breakfix-pluk-us-west-2-5,bb_aws_ec2_breakfix
ami-3d6a240d,m1.small,us-west-2,breakfix-pluk-us-west-2-6,bb_aws_ec2_breakfix
ami-3d6a240d,m1.small,us-west-2,breakfix-pluk-us-west-2-7,bb_aws_ec2_breakfix
ami-3d6a240d,m1.small,us-west-2,breakfix-pluk-us-west-2-8,bb_aws_ec2_breakfix
ami-3d6a240d,m1.small,us-west-2,breakfix-pluk-us-west-2-9,bb_aws_ec2_breakfix
ami-087afc60,m1.small,us-east-1,breakfix-pluk-us-east-1-0,bb_aws_ec2_breakfix
ami-087afc60,m1.small,us-east-1,breakfix-pluk-us-east-1-1,bb_aws_ec2_breakfix
ami-087afc60,m1.small,us-east-1,breakfix-pluk-us-east-1-2,bb_aws_ec2_breakfix
ami-087afc60,m1.small,us-east-1,breakfix-pluk-us-east-1-3,bb_aws_ec2_breakfix
ami-087afc60,m1.small,us-east-1,breakfix-pluk-us-east-1-4,bb_aws_ec2_breakfix
ami-087afc60,m1.small,us-east-1,breakfix-pluk-us-east-1-5,bb_aws_ec2_breakfix
ami-087afc60,m1.small,us-east-1,breakfix-pluk-us-east-1-6,bb_aws_ec2_breakfix
ami-087afc60,m1.small,us-east-1,breakfix-pluk-us-east-1-7,bb_aws_ec2_breakfix
ami-087afc60,m1.small,us-east-1,breakfix-pluk-us-east-1-8,bb_aws_ec2_breakfix
ami-087afc60,m1.small,us-east-1,breakfix-pluk-us-east-1-9,bb_aws_ec2_breakfix
ami-5d160218,m1.small,us-west-1,breakfix-pluk-us-west-1-0,bb_aws_ec2_breakfix
ami-5d160218,m1.small,us-west-1,breakfix-pluk-us-west-1-1,bb_aws_ec2_breakfix
ami-5d160218,m1.small,us-west-1,breakfix-pluk-us-west-1-2,bb_aws_ec2_breakfix
ami-5d160218,m1.small,us-west-1,breakfix-pluk-us-west-1-3,bb_aws_ec2_breakfix
ami-5d160218,m1.small,us-west-1,breakfix-pluk-us-west-1-4,bb_aws_ec2_breakfix
ami-5d160218,m1.small,us-west-1,breakfix-pluk-us-west-1-5,bb_aws_ec2_breakfix
ami-5d160218,m1.small,us-west-1,breakfix-pluk-us-west-1-6,bb_aws_ec2_breakfix
ami-5d160218,m1.small,us-west-1,breakfix-pluk-us-west-1-7,bb_aws_ec2_breakfix
ami-5d160218,m1.small,us-west-1,breakfix-pluk-us-west-1-8,bb_aws_ec2_breakfix
ami-5d160218,m1.small,us-west-1,breakfix-pluk-us-west-1-9,bb_aws_ec2_breakfix
ami-988b22ef,m1.small,eu-west-1,breakfix-pluk-eu-west-1-0,bb_aws_ec2_breakfix
ami-988b22ef,m1.small,eu-west-1,breakfix-pluk-eu-west-1-1,bb_aws_ec2_breakfix
ami-988b22ef,m1.small,eu-west-1,breakfix-pluk-eu-west-1-2,bb_aws_ec2_breakfix
ami-988b22ef,m1.small,eu-west-1,breakfix-pluk-eu-west-1-3,bb_aws_ec2_breakfix
ami-988b22ef,m1.small,eu-west-1,breakfix-pluk-eu-west-1-4,bb_aws_ec2_breakfix
ami-988b22ef,m1.small,eu-west-1,breakfix-pluk-eu-west-1-5,bb_aws_ec2_breakfix
ami-988b22ef,m1.small,eu-west-1,breakfix-pluk-eu-west-1-6,bb_aws_ec2_breakfix
ami-988b22ef,m1.small,eu-west-1,breakfix-pluk-eu-west-1-7,bb_aws_ec2_breakfix
ami-988b22ef,m1.small,eu-west-1,breakfix-pluk-eu-west-1-8,bb_aws_ec2_breakfix
ami-988b22ef,m1.small,eu-west-1,breakfix-pluk-eu-west-1-9,bb_aws_ec2_breakfix
